event_id,transition_from,transition_to,drift_magnitude,p_value,impact_duration,affected_timespans,event_type
0,1921-1930,2001-2010,118.80395075404223,0.007,8,"1931-1940,1941-1950,1951-1960,1961-1970,1971-1980,1981-1990,1991-2000,2001-2010",sudden_shift
1,1921-1930,2011-2018,111.92590649631056,0.013,9,"1931-1940,1941-1950,1951-1960,1961-1970,1971-1980,1981-1990,1991-2000,2001-2010,2011-2018",sudden_shift
