timespan_1,timespan_2,distance,drift_magnitude,p_value
1921-1930,2001-2010,8,118.80395075404223,0.007
1921-1930,2011-2018,9,111.92590649631056,0.013
