timespan_1,timespan_2,distance,drift_magnitude,p_value
1921-1930,2001-2010,6,9.389216782362503,0.044
1981-1990,2001-2010,2,11.199837895299977,0.045
