timespan_1,timespan_2,distance,drift_magnitude,p_value
1911-1920,1931-1940,2,14.95077647749889,0.01
1911-1920,1971-1980,3,23.347758815164703,0.046
