timespan_1,timespan_2,distance,drift_magnitude,p_value
1901-1910,1921-1930,2,11.077698049484656,0.005
1901-1910,1911-1920,1,10.363455580502384,0.031
