timespan_1,timespan_2,distance,drift_magnitude,p_value
1901-1910,1921-1930,2,5.100687949963273,0.027
1901-1910,2001-2010,10,5.057563379868711,0.036
