synset,lexeme,from_timespan,to_timespan,wasserstein,kl_divergence
s10971,stammbuch,1991-2000,2001-2010,2.2833362225028395,0.08905905256061991
