timespan_1,timespan_2,distance,drift_magnitude,p_value
1951-1960,2011-2018,5,3407.2460990807353,0.03
1961-1970,2011-2018,4,240.99252765495729,0.047
