synset,lexeme,from_timespan,to_timespan,wasserstein,kl_divergence
s33659,block,1981-1990,1991-2000,0.07206730523864735,0.1150317921294296
