event_id,transition_from,transition_to,drift_magnitude,p_value,impact_duration,affected_timespans,event_type
0,1911-1920,1991-2000,6.726520423351563,0.048,8,"1921-1930,1931-1940,1941-1950,1951-1960,1961-1970,1971-1980,1981-1990,1991-2000",sudden_shift
1,1911-1920,2011-2018,7.4914102059682905,0.049,10,"1921-1930,1931-1940,1941-1950,1951-1960,1961-1970,1971-1980,1981-1990,1991-2000,2001-2010,2011-2018",sudden_shift
