timespan_1,timespan_2,distance,drift_magnitude,p_value
1911-1920,1991-2000,8,6.726520423351563,0.048
1911-1920,2011-2018,10,7.4914102059682905,0.049
