timespan_1,timespan_2,distance,drift_magnitude,p_value
1901-1910,1941-1950,4,155.23309285777373,0.042
1901-1910,1921-1930,2,212.23652563446268,0.049
