timespan_1,timespan_2,distance,drift_magnitude,p_value
1931-1940,1991-2000,6,10.132898238798084,0.015
1981-1990,1991-2000,1,7.7091232451756255,0.031
