synset,lexeme,from_timespan,to_timespan,wasserstein,kl_divergence
s10971,stammbuch,1991-2000,2001-2010,0.11288692254208854,0.08299203849544828
