timespan_1,timespan_2,distance,drift_magnitude,p_value
1901-1910,1961-1970,6,13.767551878957942,0.017
1961-1970,1971-1980,1,16.521020442711116,0.045
