synset,lexeme,from_timespan,to_timespan,wasserstein,kl_divergence
s10971,stammbuch,1991-2000,2001-2010,0.06964308716032974,0.27768795671010627
