synset,lexeme,from_timespan,to_timespan,wasserstein,kl_divergence
s11307,block,1901-1910,1911-1920,0.5348332741516515,0.038264672323621705
s11307,block,1911-1920,1921-1930,0.4578341570971436,0.03238407226073636
s11307,block,1921-1930,1931-1940,2.082186564378844,0.1902288758417658
s11307,block,1931-1940,1941-1950,0.7733369543839217,0.03101090158994407
s11307,block,1941-1950,1951-1960,2.7173442500892406,0.11013239501036924
s11307,block,1951-1960,1991-2000,0.4333232685313533,0.03404864214616722
s11307,block,1991-2000,2001-2010,0.5770187838725934,0.06775888201780697
