event_id,transition_from,transition_to,drift_magnitude,p_value,impact_duration,affected_timespans,event_type
0,1921-1930,1991-2000,558.9911092732416,0.024,7,"1931-1940,1941-1950,1951-1960,1961-1970,1971-1980,1981-1990,1991-2000",sudden_shift
1,1921-1930,2001-2010,557.5971384039647,0.04,8,"1931-1940,1941-1950,1951-1960,1961-1970,1971-1980,1981-1990,1991-2000,2001-2010",sudden_shift
2,1921-1930,2011-2018,562.7103042390553,0.03,9,"1931-1940,1941-1950,1951-1960,1961-1970,1971-1980,1981-1990,1991-2000,2001-2010,2011-2018",sudden_shift
