timespan_1,timespan_2,distance,drift_magnitude,p_value
1961-1970,2011-2018,4,7.872005677587248,0.014
1941-1950,1961-1970,2,5.892951573204804,0.029
