timespan_1,timespan_2,distance,drift_magnitude,p_value
1931-1940,1961-1970,3,15.029555998328052,0.011
1911-1920,1931-1940,2,27.902340333219783,0.02
