timespan_1,timespan_2,distance,drift_magnitude,p_value
1931-1940,1991-2000,6,10.862766074158165,0.017
1931-1940,2001-2010,7,10.408803808964104,0.035
