synset,lexeme,from_timespan,to_timespan,wasserstein,kl_divergence
s33659,block,1981-1990,1991-2000,0.3112543678402276,0.08190981117627724
