timespan_1,timespan_2,distance,drift_magnitude,p_value
1901-1910,1931-1940,3,142.666298312774,0.023
1931-1940,2001-2010,6,386.6562600306409,0.031
