synset,lexeme,from_timespan,to_timespan,wasserstein,kl_divergence
s10313,tor,1921-1930,1951-1960,0.24129105090010036,0.11701990866970649
s10313,tor,1951-1960,1961-1970,1.245649536808973,0.3366209930664346
s10313,tor,1961-1970,1971-1980,0.15761712287133917,0.10816243623022789
s10313,tor,1971-1980,1981-1990,0.04834418072206999,0.11954391068872476
s10313,tor,1981-1990,1991-2000,0.2517192258303013,0.11473083031114434
s10313,tor,1991-2000,2001-2010,0.19872899283378623,0.1870777498665337
