timespan_1,timespan_2,distance,drift_magnitude,p_value
1951-1960,2011-2018,5,40.44493445701866,0.02
1951-1960,2001-2010,4,38.88548531880375,0.038
