synset,lexeme,from_timespan,to_timespan,wasserstein,kl_divergence
s33659,block,1981-1990,1991-2000,0.12376262344372435,0.28400392345145714
