synset,lexeme,from_timespan,to_timespan,wasserstein,kl_divergence
s33659,block,1981-1990,1991-2000,0.12291538234990185,0.3935824750598687
