timespan_1,timespan_2,distance,drift_magnitude,p_value
1961-1970,1971-1980,1,12.2948298548494,0.017
1911-1920,1961-1970,5,14.483561363302746,0.041
