timespan_1,timespan_2,distance,drift_magnitude,p_value
1901-1910,1911-1920,1,13.953945296373417,0.012
1901-1910,1961-1970,2,16.028567125217066,0.031
