synset,lexeme,from_timespan,to_timespan,wasserstein,kl_divergence
s33676,atmosphäre,1901-1910,1911-1920,1.0441502869416404,1.3869580405379933
s33676,atmosphäre,1911-1920,1921-1930,0.5648161077294863,0.0761187992270461
s33676,atmosphäre,1921-1930,1931-1940,0.8292861680171704,0.3286915697793031
s33676,atmosphäre,1931-1940,1941-1950,1.319274305137199,2.7164154825755875
s33676,atmosphäre,1941-1950,1951-1960,0.19889444766439407,0.11030778066117353
s33676,atmosphäre,1951-1960,1961-1970,1.0640266034601837,0.3245911447929097
s33676,atmosphäre,1961-1970,1971-1980,0.33961262920769647,0.21523068139160423
s33676,atmosphäre,1971-1980,1981-1990,0.14695833669607114,0.17914456014856764
s33676,atmosphäre,1981-1990,1991-2000,0.4734481031476495,0.09535815666630293
