timespan_1,timespan_2,distance,drift_magnitude,p_value
1951-1960,1961-1970,1,7.963137234171187,0.026
1921-1930,1951-1960,3,7.319981787899471,0.042
