timespan_1,timespan_2,distance,drift_magnitude,p_value
1991-2000,2001-2010,1,300.8310598792381,0.017
1941-1950,2011-2018,6,217.37053694917216,0.037
