timespan_1,timespan_2,distance,drift_magnitude,p_value
1941-1950,1951-1960,1,8.084471532004534,0.027
1951-1960,1961-1970,1,7.323150397333189,0.044
