timespan_1,timespan_2,distance,drift_magnitude,p_value
1931-1940,1961-1970,3,9.307780755137543,0.015
1901-1910,1931-1940,3,5.8155554177063316,0.041
