timespan_1,timespan_2,distance,drift_magnitude,p_value
1901-1910,1931-1940,3,9.871926265107524,0.008
1901-1910,1941-1950,4,10.976250272846311,0.009
