timespan_1,timespan_2,distance,drift_magnitude,p_value
2001-2010,2011-2018,1,3.3291272838958443,0.039
1911-1920,2001-2010,9,9.252800604909336,0.041
