synset,lexeme,from_timespan,to_timespan,wasserstein,kl_divergence
s33659,block,1981-1990,1991-2000,1.860687917865448,0.10371761627305395
