synset,lexeme,from_timespan,to_timespan,wasserstein,kl_divergence
s25245,kasse,1901-1910,1931-1940,3.6503009299002156,0.37205354572676014
s25245,kasse,1931-1940,1941-1950,4.578183746273965,2.6260389473891395
s25245,kasse,1941-1950,1951-1960,0.5275921692149836,0.045332899870900625
s25245,kasse,1951-1960,1961-1970,0.9688572946870977,0.03202720907375805
s25245,kasse,1961-1970,1971-1980,0.741675611294113,0.024596597944117244
