timespan_1,timespan_2,distance,drift_magnitude,p_value
1941-1950,1991-2000,4,18.289802350282734,0.03
1941-1950,2001-2010,5,16.342064978830397,0.046
