timespan_1,timespan_2,distance,drift_magnitude,p_value
1911-1920,1941-1950,3,13.800651635926005,0.039
1901-1910,1911-1920,1,8.363985430251029,0.046
