timespan_1,timespan_2,distance,drift_magnitude,p_value
1901-1910,1941-1950,4,7.076374727267168,0.022
1911-1920,1941-1950,3,6.314167012513911,0.045
