timespan_1,timespan_2,distance,drift_magnitude,p_value
1901-1910,1941-1950,4,509.1668635485917,0.015
1901-1910,1961-1970,6,293.6934415050071,0.042
