event_id,transition_from,transition_to,drift_magnitude,p_value,impact_duration,affected_timespans,event_type
0,1911-1920,1931-1940,14.599171381780371,0.033,2,"1921-1930,1931-1940",sudden_shift
1,1911-1920,2011-2018,11.736371892050013,0.004,6,"1921-1930,1931-1940,1971-1980,1991-2000,2001-2010,2011-2018",sudden_shift
