timespan_1,timespan_2,distance,drift_magnitude,p_value
1911-1920,2011-2018,6,11.736371892050013,0.004
1911-1920,1931-1940,2,14.599171381780371,0.033
