synset,lexeme,from_timespan,to_timespan,wasserstein,kl_divergence
s10971,stammbuch,1991-2000,2001-2010,0.3967594513394427,0.16013786115712883
