synset,lexeme,from_timespan,to_timespan,wasserstein,kl_divergence
s10971,stammbuch,1991-2000,2001-2010,0.03071673296645372,0.11938569212640995
