timespan_1,timespan_2,distance,drift_magnitude,p_value
1921-1930,1941-1950,2,39.92653632493902,0.007
1931-1940,1941-1950,1,41.890256147360496,0.025
